Snapshot Source.Name,Cost Center,Cost Center Name,Person Name,Plan Period,Plan Month,Planned Avail Hours,Planned Direct Hours,Planned Util %,Plan Age Periods
FY26_P01_Utilization_2025-10.csv,CC-1010,Structural Engineering,Amara Ashby,2,2025-11,142.1,112.7,79.31,0
FY26_P01_Utilization_2025-10.csv,CC-1010,Structural Engineering,Bennett Salazar,2,2025-11,125.2,112.7,89.98,0
FY26_P01_Utilization_2025-10.csv,CC-1010,Structural Engineering,Camille Thorne,2,2025-11,145.7,125.9,86.42,0
FY26_P01_Utilization_2025-10.csv,CC-1010,Structural Engineering,Devon Sandoval,2,2025-11,155.7,125.8,80.80,0
FY26_P01_Utilization_2025-10.csv,CC-1010,Structural Engineering,Elena Lindqvist,2,2025-11,150.3,112.5,74.86,0
FY26_P01_Utilization_2025-10.csv,CC-1010,Structural Engineering,Farid Beaumont,2,2025-11,155.6,150.6,96.80,0
FY26_P01_Utilization_2025-10.csv,CC-1010,Structural Engineering,Grace Mbeki,2,2025-11,146.1,113.4,77.60,0
FY26_P01_Utilization_2025-10.csv,CC-1010,Structural Engineering,Hassan Adeyemi,2,2025-11,129.5,99.1,76.52,0
FY26_P01_Utilization_2025-10.csv,CC-1010,Structural Engineering,Imani Mensah,2,2025-11,133.8,109.5,81.84,0
FY26_P01_Utilization_2025-10.csv,CC-1010,Structural Engineering,Jonas Whitfield,2,2025-11,148.5,121.3,81.68,0
FY26_P01_Utilization_2025-10.csv,CC-1010,Structural Engineering,Katya Rathore,2,2025-11,150.0,114.4,76.26,0
FY26_P01_Utilization_2025-10.csv,CC-1020,Mechanical Engineering,Liam Carrasco,2,2025-11,144.6,91.5,63.27,0
FY26_P01_Utilization_2025-10.csv,CC-1020,Mechanical Engineering,Maren Yilmaz,2,2025-11,152.6,136.3,89.30,0
FY26_P01_Utilization_2025-10.csv,CC-1020,Mechanical Engineering,Nikhil Petrova,2,2025-11,136.2,85.2,62.54,0
FY26_P01_Utilization_2025-10.csv,CC-1020,Mechanical Engineering,Odessa Duarte,2,2025-11,160.3,142.4,88.83,0
FY26_P01_Utilization_2025-10.csv,CC-1020,Mechanical Engineering,Priya Halvorsen,2,2025-11,141.3,123.6,87.46,0
FY26_P01_Utilization_2025-10.csv,CC-1020,Mechanical Engineering,Quentin Ferreira,2,2025-11,137.2,84.3,61.45,0
FY26_P01_Utilization_2025-10.csv,CC-1020,Mechanical Engineering,Rosalind Moreau,2,2025-11,168.6,135.2,80.18,0
FY26_P01_Utilization_2025-10.csv,CC-1020,Mechanical Engineering,Soren Iverson,2,2025-11,142.4,121.0,84.97,0
FY26_P01_Utilization_2025-10.csv,CC-1020,Mechanical Engineering,Tamsin Vasquez,2,2025-11,160.5,122.2,76.11,0
FY26_P01_Utilization_2025-10.csv,CC-1020,Mechanical Engineering,Ulises Larkin,2,2025-11,133.0,95.3,71.69,0
FY26_P01_Utilization_2025-10.csv,CC-1030,Electrical Engineering,Adaeze Haddad,2,2025-11,154.0,129.5,84.12,0
FY26_P01_Utilization_2025-10.csv,CC-1030,Electrical Engineering,Bruno Kowalski,2,2025-11,130.0,85.7,65.96,0
FY26_P01_Utilization_2025-10.csv,CC-1030,Electrical Engineering,Clara Bergstrom,2,2025-11,146.6,86.0,58.67,0
FY26_P01_Utilization_2025-10.csv,CC-1030,Electrical Engineering,Dmitri Delacroix,2,2025-11,151.3,126.3,83.45,0
FY26_P01_Utilization_2025-10.csv,CC-1030,Electrical Engineering,Vera Okafor,2,2025-11,126.5,113.0,89.35,0
FY26_P01_Utilization_2025-10.csv,CC-1030,Electrical Engineering,Wren Nakamura,2,2025-11,147.5,33.5,22.73,0
FY26_P01_Utilization_2025-10.csv,CC-1030,Electrical Engineering,Xiomara Fontaine,2,2025-11,138.1,22.6,16.38,0
FY26_P01_Utilization_2025-10.csv,CC-1030,Electrical Engineering,Yusuf Novak,2,2025-11,160.8,114.9,71.43,0
FY26_P01_Utilization_2025-10.csv,CC-1030,Electrical Engineering,Zara Ashworth,2,2025-11,132.6,83.2,62.72,0
FY26_P01_Utilization_2025-10.csv,CC-2010,Project Management,Amara Petrova,2,2025-11,175.5,162.5,92.61,0
FY26_P01_Utilization_2025-10.csv,CC-2010,Project Management,Bennett Duarte,2,2025-11,159.9,148.8,93.08,0
FY26_P01_Utilization_2025-10.csv,CC-2010,Project Management,Camille Halvorsen,2,2025-11,111.2,46.9,42.17,0
FY26_P01_Utilization_2025-10.csv,CC-2010,Project Management,Devon Ferreira,2,2025-11,139.5,119.0,85.28,0
FY26_P01_Utilization_2025-10.csv,CC-2010,Project Management,Elena Moreau,2,2025-11,144.6,84.6,58.54,0
FY26_P01_Utilization_2025-10.csv,CC-2010,Project Management,Farid Iverson,2,2025-11,156.3,116.9,74.79,0
FY26_P01_Utilization_2025-10.csv,CC-2010,Project Management,Grace Vasquez,2,2025-11,155.7,139.8,89.82,0
FY26_P01_Utilization_2025-10.csv,CC-2010,Project Management,Hassan Larkin,2,2025-11,139.7,99.7,71.34,0
FY26_P01_Utilization_2025-10.csv,CC-2010,Project Management,Imani Okafor,2,2025-11,143.7,92.3,64.24,0
FY26_P01_Utilization_2025-10.csv,CC-2010,Project Management,Jonas Nakamura,2,2025-11,145.9,92.3,63.27,0
FY26_P01_Utilization_2025-10.csv,CC-3010,Field Services,Katya Fontaine,2,2025-11,159.0,132.3,83.20,0
FY26_P01_Utilization_2025-10.csv,CC-3010,Field Services,Liam Novak,2,2025-11,147.3,110.0,74.70,0
FY26_P01_Utilization_2025-10.csv,CC-3010,Field Services,Maren Ashworth,2,2025-11,157.1,149.5,95.16,0
FY26_P01_Utilization_2025-10.csv,CC-3010,Field Services,Nikhil Haddad,2,2025-11,141.6,114.8,81.06,0
FY26_P01_Utilization_2025-10.csv,CC-3010,Field Services,Odessa Kowalski,2,2025-11,136.2,98.0,71.98,0
FY26_P01_Utilization_2025-10.csv,CC-3010,Field Services,Priya Bergstrom,2,2025-11,151.1,142.7,94.42,0
FY26_P01_Utilization_2025-10.csv,CC-3010,Field Services,Quentin Delacroix,2,2025-11,155.4,125.8,80.97,0
FY26_P01_Utilization_2025-10.csv,CC-3010,Field Services,Rosalind Ashby,2,2025-11,184.8,120.2,65.06,0
FY26_P01_Utilization_2025-10.csv,CC-3010,Field Services,Soren Salazar,2,2025-11,142.1,102.3,72.02,0
FY26_P01_Utilization_2025-10.csv,CC-3010,Field Services,Tamsin Thorne,2,2025-11,152.6,83.7,54.87,0
FY26_P01_Utilization_2025-10.csv,CC-4010,Digital Solutions,Adaeze Whitfield,2,2025-11,144.2,103.1,71.52,0
FY26_P01_Utilization_2025-10.csv,CC-4010,Digital Solutions,Bruno Rathore,2,2025-11,142.4,85.4,59.99,0
FY26_P01_Utilization_2025-10.csv,CC-4010,Digital Solutions,Clara Carrasco,2,2025-11,141.2,75.6,53.56,0
FY26_P01_Utilization_2025-10.csv,CC-4010,Digital Solutions,Dmitri Yilmaz,2,2025-11,130.8,105.3,80.54,0
FY26_P01_Utilization_2025-10.csv,CC-4010,Digital Solutions,Ulises Sandoval,2,2025-11,156.7,69.5,44.37,0
FY26_P01_Utilization_2025-10.csv,CC-4010,Digital Solutions,Vera Lindqvist,2,2025-11,121.3,111.2,91.71,0
FY26_P01_Utilization_2025-10.csv,CC-4010,Digital Solutions,Wren Beaumont,2,2025-11,161.7,144.3,89.24,0
FY26_P01_Utilization_2025-10.csv,CC-4010,Digital Solutions,Xiomara Mbeki,2,2025-11,128.0,73.0,57.03,0
FY26_P01_Utilization_2025-10.csv,CC-4010,Digital Solutions,Yusuf Adeyemi,2,2025-11,167.0,140.2,83.93,0
FY26_P01_Utilization_2025-10.csv,CC-4010,Digital Solutions,Zara Mensah,2,2025-11,158.6,78.7,49.64,0
FY26_P02_Utilization_2025-11.csv,CC-1010,Structural Engineering,Amara Ashby,3,2025-12,123.4,97.1,78.72,0
FY26_P02_Utilization_2025-11.csv,CC-1010,Structural Engineering,Bennett Salazar,3,2025-12,140.8,131.5,93.40,0
FY26_P02_Utilization_2025-11.csv,CC-1010,Structural Engineering,Camille Thorne,3,2025-12,145.7,125.9,86.42,1
FY26_P02_Utilization_2025-11.csv,CC-1010,Structural Engineering,Devon Sandoval,3,2025-12,155.7,125.8,80.80,1
FY26_P02_Utilization_2025-11.csv,CC-1010,Structural Engineering,Elena Lindqvist,3,2025-12,137.9,106.6,77.27,0
FY26_P02_Utilization_2025-11.csv,CC-1010,Structural Engineering,Farid Beaumont,3,2025-12,155.6,150.6,96.80,1
FY26_P02_Utilization_2025-11.csv,CC-1010,Structural Engineering,Grace Mbeki,3,2025-12,146.1,113.4,77.60,1
FY26_P02_Utilization_2025-11.csv,CC-1010,Structural Engineering,Hassan Adeyemi,3,2025-12,114.4,87.6,76.59,0
FY26_P02_Utilization_2025-11.csv,CC-1010,Structural Engineering,Imani Mensah,3,2025-12,153.8,124.9,81.20,0
FY26_P02_Utilization_2025-11.csv,CC-1010,Structural Engineering,Jonas Whitfield,3,2025-12,181.2,128.5,70.90,0
FY26_P02_Utilization_2025-11.csv,CC-1010,Structural Engineering,Katya Rathore,3,2025-12,135.2,107.4,79.42,0
FY26_P02_Utilization_2025-11.csv,CC-1020,Mechanical Engineering,Liam Carrasco,3,2025-12,119.0,78.5,65.93,0
FY26_P02_Utilization_2025-11.csv,CC-1020,Mechanical Engineering,Maren Yilmaz,3,2025-12,135.3,123.5,91.25,0
FY26_P02_Utilization_2025-11.csv,CC-1020,Mechanical Engineering,Nikhil Petrova,3,2025-12,136.2,85.2,62.54,1
FY26_P02_Utilization_2025-11.csv,CC-1020,Mechanical Engineering,Odessa Duarte,3,2025-12,127.9,110.7,86.59,0
FY26_P02_Utilization_2025-11.csv,CC-1020,Mechanical Engineering,Priya Halvorsen,3,2025-12,169.3,138.3,81.71,0
FY26_P02_Utilization_2025-11.csv,CC-1020,Mechanical Engineering,Quentin Ferreira,3,2025-12,149.6,82.8,55.38,0
FY26_P02_Utilization_2025-11.csv,CC-1020,Mechanical Engineering,Rosalind Moreau,3,2025-12,139.9,111.5,79.71,0
FY26_P02_Utilization_2025-11.csv,CC-1020,Mechanical Engineering,Soren Iverson,3,2025-12,115.5,91.8,79.45,0
FY26_P02_Utilization_2025-11.csv,CC-1020,Mechanical Engineering,Tamsin Vasquez,3,2025-12,117.7,87.0,73.94,0
FY26_P02_Utilization_2025-11.csv,CC-1020,Mechanical Engineering,Ulises Larkin,3,2025-12,142.7,93.6,65.59,0
FY26_P02_Utilization_2025-11.csv,CC-1030,Electrical Engineering,Adaeze Haddad,3,2025-12,136.8,118.1,86.30,0
FY26_P02_Utilization_2025-11.csv,CC-1030,Electrical Engineering,Bruno Kowalski,3,2025-12,145.2,78.7,54.22,0
FY26_P02_Utilization_2025-11.csv,CC-1030,Electrical Engineering,Clara Bergstrom,3,2025-12,158.3,93.7,59.17,0
FY26_P02_Utilization_2025-11.csv,CC-1030,Electrical Engineering,Dmitri Delacroix,3,2025-12,111.2,85.3,76.69,0
FY26_P02_Utilization_2025-11.csv,CC-1030,Electrical Engineering,Vera Okafor,3,2025-12,158.2,142.0,89.79,0
FY26_P02_Utilization_2025-11.csv,CC-1030,Electrical Engineering,Wren Nakamura,3,2025-12,165.7,30.7,18.52,0
FY26_P02_Utilization_2025-11.csv,CC-1030,Electrical Engineering,Xiomara Fontaine,3,2025-12,116.7,19.5,16.70,0
FY26_P02_Utilization_2025-11.csv,CC-1030,Electrical Engineering,Yusuf Novak,3,2025-12,147.1,117.5,79.85,0
FY26_P02_Utilization_2025-11.csv,CC-1030,Electrical Engineering,Zara Ashworth,3,2025-12,132.6,83.2,62.72,1
FY26_P02_Utilization_2025-11.csv,CC-2010,Project Management,Amara Petrova,3,2025-12,126.8,110.1,86.82,0
FY26_P02_Utilization_2025-11.csv,CC-2010,Project Management,Bennett Duarte,3,2025-12,131.5,110.4,83.97,0
FY26_P02_Utilization_2025-11.csv,CC-2010,Project Management,Camille Halvorsen,3,2025-12,111.2,46.9,42.17,1
FY26_P02_Utilization_2025-11.csv,CC-2010,Project Management,Devon Ferreira,3,2025-12,122.6,97.7,79.66,0
FY26_P02_Utilization_2025-11.csv,CC-2010,Project Management,Elena Moreau,3,2025-12,96.5,58.5,60.65,0
FY26_P02_Utilization_2025-11.csv,CC-2010,Project Management,Farid Iverson,3,2025-12,150.8,116.5,77.23,0
FY26_P02_Utilization_2025-11.csv,CC-2010,Project Management,Grace Vasquez,3,2025-12,155.7,139.8,89.82,1
FY26_P02_Utilization_2025-11.csv,CC-2010,Project Management,Hassan Larkin,3,2025-12,139.7,99.7,71.34,1
FY26_P02_Utilization_2025-11.csv,CC-2010,Project Management,Imani Okafor,3,2025-12,146.5,94.3,64.40,0
FY26_P02_Utilization_2025-11.csv,CC-2010,Project Management,Jonas Nakamura,3,2025-12,152.4,92.0,60.36,0
FY26_P02_Utilization_2025-11.csv,CC-3010,Field Services,Katya Fontaine,3,2025-12,159.0,132.3,83.20,1
FY26_P02_Utilization_2025-11.csv,CC-3010,Field Services,Liam Novak,3,2025-12,144.6,113.2,78.27,0
FY26_P02_Utilization_2025-11.csv,CC-3010,Field Services,Maren Ashworth,3,2025-12,147.6,137.4,93.08,0
FY26_P02_Utilization_2025-11.csv,CC-3010,Field Services,Nikhil Haddad,3,2025-12,116.9,90.2,77.19,0
FY26_P02_Utilization_2025-11.csv,CC-3010,Field Services,Odessa Kowalski,3,2025-12,132.3,86.5,65.41,0
FY26_P02_Utilization_2025-11.csv,CC-3010,Field Services,Priya Bergstrom,3,2025-12,151.1,142.7,94.42,1
FY26_P02_Utilization_2025-11.csv,CC-3010,Field Services,Quentin Delacroix,3,2025-12,147.5,115.7,78.42,0
FY26_P02_Utilization_2025-11.csv,CC-3010,Field Services,Rosalind Ashby,3,2025-12,142.5,83.5,58.63,0
FY26_P02_Utilization_2025-11.csv,CC-3010,Field Services,Soren Salazar,3,2025-12,142.1,102.3,72.02,1
FY26_P02_Utilization_2025-11.csv,CC-3010,Field Services,Tamsin Thorne,3,2025-12,124.0,70.8,57.12,0
FY26_P02_Utilization_2025-11.csv,CC-4010,Digital Solutions,Adaeze Whitfield,3,2025-12,160.4,117.8,73.47,0
FY26_P02_Utilization_2025-11.csv,CC-4010,Digital Solutions,Bruno Rathore,3,2025-12,142.4,85.4,59.99,1
FY26_P02_Utilization_2025-11.csv,CC-4010,Digital Solutions,Clara Carrasco,3,2025-12,146.6,77.7,52.97,0
FY26_P02_Utilization_2025-11.csv,CC-4010,Digital Solutions,Dmitri Yilmaz,3,2025-12,133.4,114.4,85.77,0
FY26_P02_Utilization_2025-11.csv,CC-4010,Digital Solutions,Ulises Sandoval,3,2025-12,103.9,53.9,51.92,0
FY26_P02_Utilization_2025-11.csv,CC-4010,Digital Solutions,Vera Lindqvist,3,2025-12,121.3,111.2,91.71,1
FY26_P02_Utilization_2025-11.csv,CC-4010,Digital Solutions,Wren Beaumont,3,2025-12,161.7,144.3,89.24,1
FY26_P02_Utilization_2025-11.csv,CC-4010,Digital Solutions,Xiomara Mbeki,3,2025-12,128.0,67.8,52.93,0
FY26_P02_Utilization_2025-11.csv,CC-4010,Digital Solutions,Yusuf Adeyemi,3,2025-12,167.0,140.2,83.93,1
FY26_P02_Utilization_2025-11.csv,CC-4010,Digital Solutions,Zara Mensah,3,2025-12,158.6,78.7,49.64,1
FY26_P03_Utilization_2025-12.csv,CC-1010,Structural Engineering,Amara Ashby,4,2026-01,156.5,134.5,85.95,0
FY26_P03_Utilization_2025-12.csv,CC-1010,Structural Engineering,Bennett Salazar,4,2026-01,174.9,162.4,92.88,0
FY26_P03_Utilization_2025-12.csv,CC-1010,Structural Engineering,Camille Thorne,4,2026-01,169.9,128.5,75.63,0
FY26_P03_Utilization_2025-12.csv,CC-1010,Structural Engineering,Devon Sandoval,4,2026-01,175.9,142.1,80.79,0
FY26_P03_Utilization_2025-12.csv,CC-1010,Structural Engineering,Elena Lindqvist,4,2026-01,137.9,106.6,77.27,1
FY26_P03_Utilization_2025-12.csv,CC-1010,Structural Engineering,Farid Beaumont,4,2026-01,155.6,150.6,96.80,2
FY26_P03_Utilization_2025-12.csv,CC-1010,Structural Engineering,Grace Mbeki,4,2026-01,146.1,113.4,77.60,2
FY26_P03_Utilization_2025-12.csv,CC-1010,Structural Engineering,Hassan Adeyemi,4,2026-01,114.4,87.6,76.59,1
FY26_P03_Utilization_2025-12.csv,CC-1010,Structural Engineering,Imani Mensah,4,2026-01,152.0,120.8,79.46,0
FY26_P03_Utilization_2025-12.csv,CC-1010,Structural Engineering,Jonas Whitfield,4,2026-01,181.2,128.5,70.90,1
FY26_P03_Utilization_2025-12.csv,CC-1010,Structural Engineering,Katya Rathore,4,2026-01,167.9,140.8,83.84,0
FY26_P03_Utilization_2025-12.csv,CC-1020,Mechanical Engineering,Liam Carrasco,4,2026-01,152.7,87.1,57.07,0
FY26_P03_Utilization_2025-12.csv,CC-1020,Mechanical Engineering,Maren Yilmaz,4,2026-01,153.1,125.2,81.75,0
FY26_P03_Utilization_2025-12.csv,CC-1020,Mechanical Engineering,Nikhil Petrova,4,2026-01,153.9,105.9,68.83,0
FY26_P03_Utilization_2025-12.csv,CC-1020,Mechanical Engineering,Odessa Duarte,4,2026-01,127.9,110.7,86.59,1
FY26_P03_Utilization_2025-12.csv,CC-1020,Mechanical Engineering,Priya Halvorsen,4,2026-01,135.6,108.9,80.33,0
FY26_P03_Utilization_2025-12.csv,CC-1020,Mechanical Engineering,Quentin Ferreira,4,2026-01,149.6,82.8,55.38,1
FY26_P03_Utilization_2025-12.csv,CC-1020,Mechanical Engineering,Rosalind Moreau,4,2026-01,167.8,127.2,75.83,0
FY26_P03_Utilization_2025-12.csv,CC-1020,Mechanical Engineering,Soren Iverson,4,2026-01,173.3,147.1,84.88,0
FY26_P03_Utilization_2025-12.csv,CC-1020,Mechanical Engineering,Tamsin Vasquez,4,2026-01,162.6,110.5,67.97,0
FY26_P03_Utilization_2025-12.csv,CC-1020,Mechanical Engineering,Ulises Larkin,4,2026-01,156.5,99.1,63.32,0
FY26_P03_Utilization_2025-12.csv,CC-1030,Electrical Engineering,Adaeze Haddad,4,2026-01,165.0,135.8,82.33,0
FY26_P03_Utilization_2025-12.csv,CC-1030,Electrical Engineering,Bruno Kowalski,4,2026-01,145.2,78.7,54.22,1
FY26_P03_Utilization_2025-12.csv,CC-1030,Electrical Engineering,Clara Bergstrom,4,2026-01,155.5,80.3,51.66,0
FY26_P03_Utilization_2025-12.csv,CC-1030,Electrical Engineering,Dmitri Delacroix,4,2026-01,165.8,124.2,74.91,0
FY26_P03_Utilization_2025-12.csv,CC-1030,Electrical Engineering,Vera Okafor,4,2026-01,135.9,112.0,82.40,0
FY26_P03_Utilization_2025-12.csv,CC-1030,Electrical Engineering,Wren Nakamura,4,2026-01,152.0,39.5,25.98,0
FY26_P03_Utilization_2025-12.csv,CC-1030,Electrical Engineering,Xiomara Fontaine,4,2026-01,116.7,19.5,16.70,1
FY26_P03_Utilization_2025-12.csv,CC-1030,Electrical Engineering,Yusuf Novak,4,2026-01,170.0,122.5,72.08,0
FY26_P03_Utilization_2025-12.csv,CC-1030,Electrical Engineering,Zara Ashworth,4,2026-01,132.6,83.2,62.72,2
FY26_P03_Utilization_2025-12.csv,CC-2010,Project Management,Amara Petrova,4,2026-01,142.0,116.5,82.04,0
FY26_P03_Utilization_2025-12.csv,CC-2010,Project Management,Bennett Duarte,4,2026-01,161.5,130.0,80.49,0
FY26_P03_Utilization_2025-12.csv,CC-2010,Project Management,Camille Halvorsen,4,2026-01,111.2,46.9,42.17,2
FY26_P03_Utilization_2025-12.csv,CC-2010,Project Management,Devon Ferreira,4,2026-01,156.9,126.8,80.84,0
FY26_P03_Utilization_2025-12.csv,CC-2010,Project Management,Elena Moreau,4,2026-01,151.5,87.5,57.74,0
FY26_P03_Utilization_2025-12.csv,CC-2010,Project Management,Farid Iverson,4,2026-01,150.8,116.5,77.23,1
FY26_P03_Utilization_2025-12.csv,CC-2010,Project Management,Grace Vasquez,4,2026-01,159.1,140.5,88.31,0
FY26_P03_Utilization_2025-12.csv,CC-2010,Project Management,Hassan Larkin,4,2026-01,171.0,138.0,80.71,0
FY26_P03_Utilization_2025-12.csv,CC-2010,Project Management,Imani Okafor,4,2026-01,166.7,121.4,72.81,0
FY26_P03_Utilization_2025-12.csv,CC-2010,Project Management,Jonas Nakamura,4,2026-01,152.4,92.0,60.36,1
FY26_P03_Utilization_2025-12.csv,CC-3010,Field Services,Katya Fontaine,4,2026-01,159.0,132.3,83.20,2
FY26_P03_Utilization_2025-12.csv,CC-3010,Field Services,Liam Novak,4,2026-01,145.3,111.4,76.66,0
FY26_P03_Utilization_2025-12.csv,CC-3010,Field Services,Maren Ashworth,4,2026-01,166.6,143.0,85.82,0
FY26_P03_Utilization_2025-12.csv,CC-3010,Field Services,Nikhil Haddad,4,2026-01,162.6,131.7,80.98,0
FY26_P03_Utilization_2025-12.csv,CC-3010,Field Services,Odessa Kowalski,4,2026-01,165.4,108.6,65.64,0
FY26_P03_Utilization_2025-12.csv,CC-3010,Field Services,Priya Bergstrom,4,2026-01,152.8,142.2,93.09,0
FY26_P03_Utilization_2025-12.csv,CC-3010,Field Services,Quentin Delacroix,4,2026-01,183.6,157.9,86.01,0
FY26_P03_Utilization_2025-12.csv,CC-3010,Field Services,Rosalind Ashby,4,2026-01,142.5,83.5,58.63,1
FY26_P03_Utilization_2025-12.csv,CC-3010,Field Services,Soren Salazar,4,2026-01,142.1,102.3,72.02,2
FY26_P03_Utilization_2025-12.csv,CC-3010,Field Services,Tamsin Thorne,4,2026-01,145.8,70.5,48.33,0
FY26_P03_Utilization_2025-12.csv,CC-4010,Digital Solutions,Adaeze Whitfield,4,2026-01,164.9,133.0,80.65,0
FY26_P03_Utilization_2025-12.csv,CC-4010,Digital Solutions,Bruno Rathore,4,2026-01,142.4,85.4,59.99,2
FY26_P03_Utilization_2025-12.csv,CC-4010,Digital Solutions,Clara Carrasco,4,2026-01,161.6,84.1,52.04,0
FY26_P03_Utilization_2025-12.csv,CC-4010,Digital Solutions,Dmitri Yilmaz,4,2026-01,165.8,141.6,85.39,0
FY26_P03_Utilization_2025-12.csv,CC-4010,Digital Solutions,Ulises Sandoval,4,2026-01,103.9,53.9,51.92,1
FY26_P03_Utilization_2025-12.csv,CC-4010,Digital Solutions,Vera Lindqvist,4,2026-01,121.3,111.2,91.71,2
FY26_P03_Utilization_2025-12.csv,CC-4010,Digital Solutions,Wren Beaumont,4,2026-01,156.3,115.4,73.82,0
FY26_P03_Utilization_2025-12.csv,CC-4010,Digital Solutions,Xiomara Mbeki,4,2026-01,156.3,86.8,55.51,0
FY26_P03_Utilization_2025-12.csv,CC-4010,Digital Solutions,Yusuf Adeyemi,4,2026-01,167.0,140.2,83.93,2
FY26_P03_Utilization_2025-12.csv,CC-4010,Digital Solutions,Zara Mensah,4,2026-01,166.9,70.5,42.26,0
FY26_P04_Utilization_2026-01.csv,CC-1010,Structural Engineering,Amara Ashby,5,2026-02,159.9,142.2,88.91,0
FY26_P04_Utilization_2026-01.csv,CC-1010,Structural Engineering,Bennett Salazar,5,2026-02,174.9,162.4,92.88,1
FY26_P04_Utilization_2026-01.csv,CC-1010,Structural Engineering,Camille Thorne,5,2026-02,153.3,143.9,93.85,0
FY26_P04_Utilization_2026-01.csv,CC-1010,Structural Engineering,Devon Sandoval,5,2026-02,150.1,111.6,74.37,0
FY26_P04_Utilization_2026-01.csv,CC-1010,Structural Engineering,Elena Lindqvist,5,2026-02,127.1,94.3,74.22,0
FY26_P04_Utilization_2026-01.csv,CC-1010,Structural Engineering,Farid Beaumont,5,2026-02,155.6,150.6,96.80,3
FY26_P04_Utilization_2026-01.csv,CC-1010,Structural Engineering,Grace Mbeki,5,2026-02,136.9,111.0,81.11,0
FY26_P04_Utilization_2026-01.csv,CC-1010,Structural Engineering,Hassan Adeyemi,5,2026-02,114.4,87.6,76.59,2
FY26_P04_Utilization_2026-01.csv,CC-1010,Structural Engineering,Imani Mensah,5,2026-02,158.5,133.6,84.27,0
FY26_P04_Utilization_2026-01.csv,CC-1010,Structural Engineering,Jonas Whitfield,5,2026-02,139.0,97.0,69.75,0
FY26_P04_Utilization_2026-01.csv,CC-1010,Structural Engineering,Katya Rathore,5,2026-02,100.3,84.9,84.62,0
FY26_P04_Utilization_2026-01.csv,CC-1020,Mechanical Engineering,Liam Carrasco,5,2026-02,150.2,82.8,55.11,0
FY26_P04_Utilization_2026-01.csv,CC-1020,Mechanical Engineering,Maren Yilmaz,5,2026-02,134.9,110.3,81.75,0
FY26_P04_Utilization_2026-01.csv,CC-1020,Mechanical Engineering,Nikhil Petrova,5,2026-02,153.9,105.9,68.83,1
FY26_P04_Utilization_2026-01.csv,CC-1020,Mechanical Engineering,Odessa Duarte,5,2026-02,155.5,143.2,92.10,0
FY26_P04_Utilization_2026-01.csv,CC-1020,Mechanical Engineering,Priya Halvorsen,5,2026-02,135.6,108.9,80.33,1
FY26_P04_Utilization_2026-01.csv,CC-1020,Mechanical Engineering,Quentin Ferreira,5,2026-02,160.2,100.5,62.76,0
FY26_P04_Utilization_2026-01.csv,CC-1020,Mechanical Engineering,Rosalind Moreau,5,2026-02,133.1,101.4,76.19,0
FY26_P04_Utilization_2026-01.csv,CC-1020,Mechanical Engineering,Soren Iverson,5,2026-02,134.4,115.6,86.04,0
FY26_P04_Utilization_2026-01.csv,CC-1020,Mechanical Engineering,Tamsin Vasquez,5,2026-02,150.7,111.6,74.04,0
FY26_P04_Utilization_2026-01.csv,CC-1020,Mechanical Engineering,Ulises Larkin,5,2026-02,156.5,99.1,63.32,1
FY26_P04_Utilization_2026-01.csv,CC-1030,Electrical Engineering,Adaeze Haddad,5,2026-02,142.0,115.2,81.12,0
FY26_P04_Utilization_2026-01.csv,CC-1030,Electrical Engineering,Bruno Kowalski,5,2026-02,138.4,75.7,54.72,0
FY26_P04_Utilization_2026-01.csv,CC-1030,Electrical Engineering,Clara Bergstrom,5,2026-02,143.9,90.6,62.97,0
FY26_P04_Utilization_2026-01.csv,CC-1030,Electrical Engineering,Dmitri Delacroix,5,2026-02,165.8,124.2,74.91,1
FY26_P04_Utilization_2026-01.csv,CC-1030,Electrical Engineering,Vera Okafor,5,2026-02,135.9,112.0,82.40,1
FY26_P04_Utilization_2026-01.csv,CC-1030,Electrical Engineering,Wren Nakamura,5,2026-02,131.9,31.6,23.97,0
FY26_P04_Utilization_2026-01.csv,CC-1030,Electrical Engineering,Xiomara Fontaine,5,2026-02,139.6,16.3,11.71,0
FY26_P04_Utilization_2026-01.csv,CC-1030,Electrical Engineering,Yusuf Novak,5,2026-02,170.0,122.5,72.08,1
FY26_P04_Utilization_2026-01.csv,CC-1030,Electrical Engineering,Zara Ashworth,5,2026-02,127.6,69.2,54.24,0
FY26_P04_Utilization_2026-01.csv,CC-2010,Project Management,Amara Petrova,5,2026-02,136.0,116.1,85.38,0
FY26_P04_Utilization_2026-01.csv,CC-2010,Project Management,Bennett Duarte,5,2026-02,150.6,126.9,84.29,0
FY26_P04_Utilization_2026-01.csv,CC-2010,Project Management,Camille Halvorsen,5,2026-02,111.2,46.9,42.17,3
FY26_P04_Utilization_2026-01.csv,CC-2010,Project Management,Devon Ferreira,5,2026-02,156.9,126.8,80.84,1
FY26_P04_Utilization_2026-01.csv,CC-2010,Project Management,Elena Moreau,5,2026-02,138.8,81.4,58.64,0
FY26_P04_Utilization_2026-01.csv,CC-2010,Project Management,Farid Iverson,5,2026-02,133.6,112.2,83.95,0
FY26_P04_Utilization_2026-01.csv,CC-2010,Project Management,Grace Vasquez,5,2026-02,147.0,125.5,85.37,0
FY26_P04_Utilization_2026-01.csv,CC-2010,Project Management,Hassan Larkin,5,2026-02,140.8,105.3,74.76,0
FY26_P04_Utilization_2026-01.csv,CC-2010,Project Management,Imani Okafor,5,2026-02,139.3,110.8,79.52,0
FY26_P04_Utilization_2026-01.csv,CC-2010,Project Management,Jonas Nakamura,5,2026-02,146.1,86.6,59.26,0
FY26_P04_Utilization_2026-01.csv,CC-3010,Field Services,Katya Fontaine,5,2026-02,159.0,132.3,83.20,3
FY26_P04_Utilization_2026-01.csv,CC-3010,Field Services,Liam Novak,5,2026-02,142.0,127.6,89.84,0
FY26_P04_Utilization_2026-01.csv,CC-3010,Field Services,Maren Ashworth,5,2026-02,166.6,143.0,85.82,1
FY26_P04_Utilization_2026-01.csv,CC-3010,Field Services,Nikhil Haddad,5,2026-02,162.6,131.7,80.98,1
FY26_P04_Utilization_2026-01.csv,CC-3010,Field Services,Odessa Kowalski,5,2026-02,143.5,98.9,68.89,0
FY26_P04_Utilization_2026-01.csv,CC-3010,Field Services,Priya Bergstrom,5,2026-02,178.6,151.0,84.57,0
FY26_P04_Utilization_2026-01.csv,CC-3010,Field Services,Quentin Delacroix,5,2026-02,122.3,108.2,88.47,0
FY26_P04_Utilization_2026-01.csv,CC-3010,Field Services,Rosalind Ashby,5,2026-02,143.0,86.3,60.36,0
FY26_P04_Utilization_2026-01.csv,CC-3010,Field Services,Soren Salazar,5,2026-02,142.1,102.3,72.02,3
FY26_P04_Utilization_2026-01.csv,CC-3010,Field Services,Tamsin Thorne,5,2026-02,144.7,77.1,53.27,0
FY26_P04_Utilization_2026-01.csv,CC-4010,Digital Solutions,Adaeze Whitfield,5,2026-02,125.4,110.0,87.69,0
FY26_P04_Utilization_2026-01.csv,CC-4010,Digital Solutions,Bruno Rathore,5,2026-02,142.4,85.4,59.99,3
FY26_P04_Utilization_2026-01.csv,CC-4010,Digital Solutions,Clara Carrasco,5,2026-02,149.9,77.1,51.41,0
FY26_P04_Utilization_2026-01.csv,CC-4010,Digital Solutions,Dmitri Yilmaz,5,2026-02,146.4,118.7,81.06,0
FY26_P04_Utilization_2026-01.csv,CC-4010,Digital Solutions,Ulises Sandoval,5,2026-02,140.9,80.4,57.09,0
FY26_P04_Utilization_2026-01.csv,CC-4010,Digital Solutions,Vera Lindqvist,5,2026-02,121.3,111.2,91.71,3
FY26_P04_Utilization_2026-01.csv,CC-4010,Digital Solutions,Wren Beaumont,5,2026-02,164.2,106.2,64.67,0
FY26_P04_Utilization_2026-01.csv,CC-4010,Digital Solutions,Xiomara Mbeki,5,2026-02,138.7,84.5,60.95,0
FY26_P04_Utilization_2026-01.csv,CC-4010,Digital Solutions,Yusuf Adeyemi,5,2026-02,167.0,140.2,83.93,3
FY26_P04_Utilization_2026-01.csv,CC-4010,Digital Solutions,Zara Mensah,5,2026-02,173.1,72.0,41.61,0
FY26_P05_Utilization_2026-02.csv,CC-1010,Structural Engineering,Amara Ashby,6,2026-03,141.0,124.3,88.16,0
FY26_P05_Utilization_2026-02.csv,CC-1010,Structural Engineering,Bennett Salazar,6,2026-03,184.7,173.0,93.64,0
FY26_P05_Utilization_2026-02.csv,CC-1010,Structural Engineering,Camille Thorne,6,2026-03,153.3,143.9,93.85,1
FY26_P05_Utilization_2026-02.csv,CC-1010,Structural Engineering,Devon Sandoval,6,2026-03,159.9,122.9,76.83,0
FY26_P05_Utilization_2026-02.csv,CC-1010,Structural Engineering,Elena Lindqvist,6,2026-03,163.9,121.1,73.90,0
FY26_P05_Utilization_2026-02.csv,CC-1010,Structural Engineering,Farid Beaumont,6,2026-03,152.2,131.6,86.44,0
FY26_P05_Utilization_2026-02.csv,CC-1010,Structural Engineering,Grace Mbeki,6,2026-03,163.9,115.3,70.32,0
FY26_P05_Utilization_2026-02.csv,CC-1010,Structural Engineering,Hassan Adeyemi,6,2026-03,114.4,87.6,76.59,3
FY26_P05_Utilization_2026-02.csv,CC-1010,Structural Engineering,Imani Mensah,6,2026-03,158.5,133.6,84.27,1
FY26_P05_Utilization_2026-02.csv,CC-1010,Structural Engineering,Jonas Whitfield,6,2026-03,139.0,97.0,69.75,1
FY26_P05_Utilization_2026-02.csv,CC-1010,Structural Engineering,Katya Rathore,6,2026-03,170.9,138.4,81.00,0
FY26_P05_Utilization_2026-02.csv,CC-1020,Mechanical Engineering,Liam Carrasco,6,2026-03,164.2,105.6,64.34,0
FY26_P05_Utilization_2026-02.csv,CC-1020,Mechanical Engineering,Maren Yilmaz,6,2026-03,155.2,136.2,87.75,0
FY26_P05_Utilization_2026-02.csv,CC-1020,Mechanical Engineering,Nikhil Petrova,6,2026-03,169.0,125.4,74.22,0
FY26_P05_Utilization_2026-02.csv,CC-1020,Mechanical Engineering,Odessa Duarte,6,2026-03,208.3,185.8,89.22,0
FY26_P05_Utilization_2026-02.csv,CC-1020,Mechanical Engineering,Priya Halvorsen,6,2026-03,135.6,108.9,80.33,2
FY26_P05_Utilization_2026-02.csv,CC-1020,Mechanical Engineering,Quentin Ferreira,6,2026-03,143.1,78.4,54.78,0
FY26_P05_Utilization_2026-02.csv,CC-1020,Mechanical Engineering,Rosalind Moreau,6,2026-03,165.6,134.0,80.91,0
FY26_P05_Utilization_2026-02.csv,CC-1020,Mechanical Engineering,Soren Iverson,6,2026-03,146.0,120.0,82.19,0
FY26_P05_Utilization_2026-02.csv,CC-1020,Mechanical Engineering,Tamsin Vasquez,6,2026-03,165.7,111.0,66.98,0
FY26_P05_Utilization_2026-02.csv,CC-1020,Mechanical Engineering,Ulises Larkin,6,2026-03,156.5,99.1,63.32,2
FY26_P05_Utilization_2026-02.csv,CC-1030,Electrical Engineering,Adaeze Haddad,6,2026-03,179.1,150.4,83.98,0
FY26_P05_Utilization_2026-02.csv,CC-1030,Electrical Engineering,Bruno Kowalski,6,2026-03,170.5,102.5,60.10,0
FY26_P05_Utilization_2026-02.csv,CC-1030,Electrical Engineering,Clara Bergstrom,6,2026-03,143.9,90.6,62.97,1
FY26_P05_Utilization_2026-02.csv,CC-1030,Electrical Engineering,Dmitri Delacroix,6,2026-03,177.9,136.7,76.83,0
FY26_P05_Utilization_2026-02.csv,CC-1030,Electrical Engineering,Vera Okafor,6,2026-03,169.2,155.9,92.11,0
FY26_P05_Utilization_2026-02.csv,CC-1030,Electrical Engineering,Wren Nakamura,6,2026-03,161.9,44.2,27.32,0
FY26_P05_Utilization_2026-02.csv,CC-1030,Electrical Engineering,Xiomara Fontaine,6,2026-03,166.4,26.2,15.73,0
FY26_P05_Utilization_2026-02.csv,CC-1030,Electrical Engineering,Yusuf Novak,6,2026-03,157.0,123.1,78.39,0
FY26_P05_Utilization_2026-02.csv,CC-1030,Electrical Engineering,Zara Ashworth,6,2026-03,169.7,89.1,52.52,0
FY26_P05_Utilization_2026-02.csv,CC-2010,Project Management,Amara Petrova,6,2026-03,154.2,135.3,87.75,0
FY26_P05_Utilization_2026-02.csv,CC-2010,Project Management,Bennett Duarte,6,2026-03,164.5,143.5,87.24,0
FY26_P05_Utilization_2026-02.csv,CC-2010,Project Management,Camille Halvorsen,6,2026-03,167.0,60.5,36.20,0
FY26_P05_Utilization_2026-02.csv,CC-2010,Project Management,Devon Ferreira,6,2026-03,156.9,126.8,80.84,2
FY26_P05_Utilization_2026-02.csv,CC-2010,Project Management,Elena Moreau,6,2026-03,154.2,84.0,54.48,0
FY26_P05_Utilization_2026-02.csv,CC-2010,Project Management,Farid Iverson,6,2026-03,167.3,140.0,83.67,0
FY26_P05_Utilization_2026-02.csv,CC-2010,Project Management,Grace Vasquez,6,2026-03,150.1,133.0,88.60,0
FY26_P05_Utilization_2026-02.csv,CC-2010,Project Management,Hassan Larkin,6,2026-03,140.8,105.3,74.76,1
FY26_P05_Utilization_2026-02.csv,CC-2010,Project Management,Imani Okafor,6,2026-03,139.3,110.8,79.52,1
FY26_P05_Utilization_2026-02.csv,CC-2010,Project Management,Jonas Nakamura,6,2026-03,146.1,86.6,59.26,1
FY26_P05_Utilization_2026-02.csv,CC-3010,Field Services,Katya Fontaine,6,2026-03,174.5,136.8,78.37,0
FY26_P05_Utilization_2026-02.csv,CC-3010,Field Services,Liam Novak,6,2026-03,142.0,127.6,89.84,1
FY26_P05_Utilization_2026-02.csv,CC-3010,Field Services,Maren Ashworth,6,2026-03,170.2,150.3,88.28,0
FY26_P05_Utilization_2026-02.csv,CC-3010,Field Services,Nikhil Haddad,6,2026-03,163.8,134.1,81.88,0
FY26_P05_Utilization_2026-02.csv,CC-3010,Field Services,Odessa Kowalski,6,2026-03,197.2,128.7,65.28,0
FY26_P05_Utilization_2026-02.csv,CC-3010,Field Services,Priya Bergstrom,6,2026-03,192.4,168.1,87.37,0
FY26_P05_Utilization_2026-02.csv,CC-3010,Field Services,Quentin Delacroix,6,2026-03,166.5,147.5,88.57,0
FY26_P05_Utilization_2026-02.csv,CC-3010,Field Services,Rosalind Ashby,6,2026-03,143.0,86.3,60.36,1
FY26_P05_Utilization_2026-02.csv,CC-3010,Field Services,Soren Salazar,6,2026-03,159.2,100.2,62.92,0
FY26_P05_Utilization_2026-02.csv,CC-3010,Field Services,Tamsin Thorne,6,2026-03,144.7,77.1,53.27,1
FY26_P05_Utilization_2026-02.csv,CC-4010,Digital Solutions,Adaeze Whitfield,6,2026-03,125.4,110.0,87.69,1
FY26_P05_Utilization_2026-02.csv,CC-4010,Digital Solutions,Bruno Rathore,6,2026-03,140.7,86.2,61.26,0
FY26_P05_Utilization_2026-02.csv,CC-4010,Digital Solutions,Clara Carrasco,6,2026-03,182.3,93.7,51.41,0
FY26_P05_Utilization_2026-02.csv,CC-4010,Digital Solutions,Dmitri Yilmaz,6,2026-03,146.4,118.7,81.06,1
FY26_P05_Utilization_2026-02.csv,CC-4010,Digital Solutions,Ulises Sandoval,6,2026-03,140.9,80.4,57.09,1
FY26_P05_Utilization_2026-02.csv,CC-4010,Digital Solutions,Vera Lindqvist,6,2026-03,189.3,152.8,80.70,0
FY26_P05_Utilization_2026-02.csv,CC-4010,Digital Solutions,Wren Beaumont,6,2026-03,164.2,106.2,64.67,1
FY26_P05_Utilization_2026-02.csv,CC-4010,Digital Solutions,Xiomara Mbeki,6,2026-03,156.7,102.9,65.66,0
FY26_P05_Utilization_2026-02.csv,CC-4010,Digital Solutions,Yusuf Adeyemi,6,2026-03,151.9,125.9,82.86,0
FY26_P05_Utilization_2026-02.csv,CC-4010,Digital Solutions,Zara Mensah,6,2026-03,152.4,74.9,49.14,0
FY26_P06_Utilization_2026-03.csv,CC-1010,Structural Engineering,Amara Ashby,7,2026-04,146.8,132.2,90.05,0
FY26_P06_Utilization_2026-03.csv,CC-1010,Structural Engineering,Bennett Salazar,7,2026-04,130.5,116.1,89.00,0
FY26_P06_Utilization_2026-03.csv,CC-1010,Structural Engineering,Camille Thorne,7,2026-04,170.8,161.4,94.51,0
FY26_P06_Utilization_2026-03.csv,CC-1010,Structural Engineering,Devon Sandoval,7,2026-04,169.0,133.8,79.17,0
FY26_P06_Utilization_2026-03.csv,CC-1010,Structural Engineering,Elena Lindqvist,7,2026-04,163.9,121.1,73.90,1
FY26_P06_Utilization_2026-03.csv,CC-1010,Structural Engineering,Farid Beaumont,7,2026-04,152.2,131.6,86.44,1
FY26_P06_Utilization_2026-03.csv,CC-1010,Structural Engineering,Grace Mbeki,7,2026-04,163.9,115.3,70.32,1
FY26_P06_Utilization_2026-03.csv,CC-1010,Structural Engineering,Hassan Adeyemi,7,2026-04,170.5,130.9,76.80,0
FY26_P06_Utilization_2026-03.csv,CC-1010,Structural Engineering,Imani Mensah,7,2026-04,174.9,152.0,86.88,0
FY26_P06_Utilization_2026-03.csv,CC-1010,Structural Engineering,Jonas Whitfield,7,2026-04,159.1,113.0,71.03,0
FY26_P06_Utilization_2026-03.csv,CC-1010,Structural Engineering,Katya Rathore,7,2026-04,170.9,138.4,81.00,1
FY26_P06_Utilization_2026-03.csv,CC-1020,Mechanical Engineering,Liam Carrasco,7,2026-04,164.2,105.6,64.34,1
FY26_P06_Utilization_2026-03.csv,CC-1020,Mechanical Engineering,Maren Yilmaz,7,2026-04,168.9,151.5,89.72,0
FY26_P06_Utilization_2026-03.csv,CC-1020,Mechanical Engineering,Nikhil Petrova,7,2026-04,173.9,122.8,70.64,0
FY26_P06_Utilization_2026-03.csv,CC-1020,Mechanical Engineering,Odessa Duarte,7,2026-04,151.3,128.5,84.92,0
FY26_P06_Utilization_2026-03.csv,CC-1020,Mechanical Engineering,Priya Halvorsen,7,2026-04,135.2,111.7,82.62,0
FY26_P06_Utilization_2026-03.csv,CC-1020,Mechanical Engineering,Quentin Ferreira,7,2026-04,143.1,78.4,54.78,1
FY26_P06_Utilization_2026-03.csv,CC-1020,Mechanical Engineering,Rosalind Moreau,7,2026-04,168.6,132.5,78.56,0
FY26_P06_Utilization_2026-03.csv,CC-1020,Mechanical Engineering,Soren Iverson,7,2026-04,171.6,137.3,80.02,0
FY26_P06_Utilization_2026-03.csv,CC-1020,Mechanical Engineering,Tamsin Vasquez,7,2026-04,127.1,90.5,71.20,0
FY26_P06_Utilization_2026-03.csv,CC-1020,Mechanical Engineering,Ulises Larkin,7,2026-04,156.5,99.1,63.32,3
FY26_P06_Utilization_2026-03.csv,CC-1030,Electrical Engineering,Adaeze Haddad,7,2026-04,179.1,150.4,83.98,1
FY26_P06_Utilization_2026-03.csv,CC-1030,Electrical Engineering,Bruno Kowalski,7,2026-04,149.2,94.3,63.19,0
FY26_P06_Utilization_2026-03.csv,CC-1030,Electrical Engineering,Clara Bergstrom,7,2026-04,143.9,90.6,62.97,2
FY26_P06_Utilization_2026-03.csv,CC-1030,Electrical Engineering,Dmitri Delacroix,7,2026-04,187.7,149.0,79.36,0
FY26_P06_Utilization_2026-03.csv,CC-1030,Electrical Engineering,Vera Okafor,7,2026-04,149.1,137.0,91.87,0
FY26_P06_Utilization_2026-03.csv,CC-1030,Electrical Engineering,Wren Nakamura,7,2026-04,161.9,44.2,27.32,1
FY26_P06_Utilization_2026-03.csv,CC-1030,Electrical Engineering,Xiomara Fontaine,7,2026-04,166.4,26.2,15.73,1
FY26_P06_Utilization_2026-03.csv,CC-1030,Electrical Engineering,Yusuf Novak,7,2026-04,173.5,131.1,75.55,0
FY26_P06_Utilization_2026-03.csv,CC-1030,Electrical Engineering,Zara Ashworth,7,2026-04,143.6,74.4,51.82,0
FY26_P06_Utilization_2026-03.csv,CC-2010,Project Management,Amara Petrova,7,2026-04,146.8,135.9,92.55,0
FY26_P06_Utilization_2026-03.csv,CC-2010,Project Management,Bennett Duarte,7,2026-04,160.1,135.1,84.36,0
FY26_P06_Utilization_2026-03.csv,CC-2010,Project Management,Camille Halvorsen,7,2026-04,167.0,60.5,36.20,1
FY26_P06_Utilization_2026-03.csv,CC-2010,Project Management,Devon Ferreira,7,2026-04,156.9,126.8,80.84,3
FY26_P06_Utilization_2026-03.csv,CC-2010,Project Management,Elena Moreau,7,2026-04,145.1,83.5,57.55,0
FY26_P06_Utilization_2026-03.csv,CC-2010,Project Management,Farid Iverson,7,2026-04,167.3,140.0,83.67,1
FY26_P06_Utilization_2026-03.csv,CC-2010,Project Management,Grace Vasquez,7,2026-04,150.1,133.0,88.60,1
FY26_P06_Utilization_2026-03.csv,CC-2010,Project Management,Hassan Larkin,7,2026-04,140.8,105.3,74.76,2
FY26_P06_Utilization_2026-03.csv,CC-2010,Project Management,Imani Okafor,7,2026-04,139.3,110.8,79.52,2
FY26_P06_Utilization_2026-03.csv,CC-2010,Project Management,Jonas Nakamura,7,2026-04,161.7,96.9,59.94,0
FY26_P06_Utilization_2026-03.csv,CC-3010,Field Services,Katya Fontaine,7,2026-04,174.5,136.8,78.37,1
FY26_P06_Utilization_2026-03.csv,CC-3010,Field Services,Liam Novak,7,2026-04,155.0,143.5,92.56,0
FY26_P06_Utilization_2026-03.csv,CC-3010,Field Services,Maren Ashworth,7,2026-04,162.7,135.1,83.04,0
FY26_P06_Utilization_2026-03.csv,CC-3010,Field Services,Nikhil Haddad,7,2026-04,163.8,134.1,81.88,1
FY26_P06_Utilization_2026-03.csv,CC-3010,Field Services,Odessa Kowalski,7,2026-04,159.6,110.7,69.33,0
FY26_P06_Utilization_2026-03.csv,CC-3010,Field Services,Priya Bergstrom,7,2026-04,153.9,128.3,83.38,0
FY26_P06_Utilization_2026-03.csv,CC-3010,Field Services,Quentin Delacroix,7,2026-04,166.5,147.5,88.57,1
FY26_P06_Utilization_2026-03.csv,CC-3010,Field Services,Rosalind Ashby,7,2026-04,153.7,92.3,60.07,0
FY26_P06_Utilization_2026-03.csv,CC-3010,Field Services,Soren Salazar,7,2026-04,170.8,98.4,57.60,0
FY26_P06_Utilization_2026-03.csv,CC-3010,Field Services,Tamsin Thorne,7,2026-04,154.6,96.2,62.24,0
FY26_P06_Utilization_2026-03.csv,CC-4010,Digital Solutions,Adaeze Whitfield,7,2026-04,155.7,134.4,86.31,0
FY26_P06_Utilization_2026-03.csv,CC-4010,Digital Solutions,Bruno Rathore,7,2026-04,169.6,100.7,59.37,0
FY26_P06_Utilization_2026-03.csv,CC-4010,Digital Solutions,Clara Carrasco,7,2026-04,182.3,93.7,51.41,1
FY26_P06_Utilization_2026-03.csv,CC-4010,Digital Solutions,Dmitri Yilmaz,7,2026-04,175.7,157.9,89.88,0
FY26_P06_Utilization_2026-03.csv,CC-4010,Digital Solutions,Ulises Sandoval,7,2026-04,163.3,93.9,57.49,0
FY26_P06_Utilization_2026-03.csv,CC-4010,Digital Solutions,Vera Lindqvist,7,2026-04,189.3,152.8,80.70,1
FY26_P06_Utilization_2026-03.csv,CC-4010,Digital Solutions,Wren Beaumont,7,2026-04,164.2,106.2,64.67,2
FY26_P06_Utilization_2026-03.csv,CC-4010,Digital Solutions,Xiomara Mbeki,7,2026-04,156.7,102.9,65.66,1
FY26_P06_Utilization_2026-03.csv,CC-4010,Digital Solutions,Yusuf Adeyemi,7,2026-04,157.1,128.0,81.48,0
FY26_P06_Utilization_2026-03.csv,CC-4010,Digital Solutions,Zara Mensah,7,2026-04,152.4,74.9,49.14,1
FY26_P07_Utilization_2026-04.csv,CC-1010,Structural Engineering,Amara Ashby,8,2026-05,191.5,183.2,95.64,0
FY26_P07_Utilization_2026-04.csv,CC-1010,Structural Engineering,Bennett Salazar,8,2026-05,152.5,143.3,93.97,0
FY26_P07_Utilization_2026-04.csv,CC-1010,Structural Engineering,Camille Thorne,8,2026-05,143.8,134.7,93.69,0
FY26_P07_Utilization_2026-04.csv,CC-1010,Structural Engineering,Devon Sandoval,8,2026-05,169.0,133.8,79.17,1
FY26_P07_Utilization_2026-04.csv,CC-1010,Structural Engineering,Elena Lindqvist,8,2026-05,163.9,121.1,73.90,2
FY26_P07_Utilization_2026-04.csv,CC-1010,Structural Engineering,Farid Beaumont,8,2026-05,146.1,135.8,92.95,0
FY26_P07_Utilization_2026-04.csv,CC-1010,Structural Engineering,Grace Mbeki,8,2026-05,163.9,115.3,70.32,2
FY26_P07_Utilization_2026-04.csv,CC-1010,Structural Engineering,Hassan Adeyemi,8,2026-05,139.4,91.7,65.80,0
FY26_P07_Utilization_2026-04.csv,CC-1010,Structural Engineering,Imani Mensah,8,2026-05,161.7,143.0,88.42,0
FY26_P07_Utilization_2026-04.csv,CC-1010,Structural Engineering,Jonas Whitfield,8,2026-05,163.0,118.1,72.47,0
FY26_P07_Utilization_2026-04.csv,CC-1010,Structural Engineering,Katya Rathore,8,2026-05,137.3,105.9,77.11,0
FY26_P07_Utilization_2026-04.csv,CC-1020,Mechanical Engineering,Liam Carrasco,8,2026-05,150.5,98.4,65.37,0
FY26_P07_Utilization_2026-04.csv,CC-1020,Mechanical Engineering,Maren Yilmaz,8,2026-05,168.3,155.0,92.10,0
FY26_P07_Utilization_2026-04.csv,CC-1020,Mechanical Engineering,Nikhil Petrova,8,2026-05,167.9,128.5,76.51,0
FY26_P07_Utilization_2026-04.csv,CC-1020,Mechanical Engineering,Odessa Duarte,8,2026-05,160.7,140.6,87.50,0
FY26_P07_Utilization_2026-04.csv,CC-1020,Mechanical Engineering,Priya Halvorsen,8,2026-05,143.6,125.6,87.49,0
FY26_P07_Utilization_2026-04.csv,CC-1020,Mechanical Engineering,Quentin Ferreira,8,2026-05,147.3,95.3,64.68,0
FY26_P07_Utilization_2026-04.csv,CC-1020,Mechanical Engineering,Rosalind Moreau,8,2026-05,170.9,141.9,83.03,0
FY26_P07_Utilization_2026-04.csv,CC-1020,Mechanical Engineering,Soren Iverson,8,2026-05,144.0,117.5,81.62,0
FY26_P07_Utilization_2026-04.csv,CC-1020,Mechanical Engineering,Tamsin Vasquez,8,2026-05,145.2,97.2,66.95,0
FY26_P07_Utilization_2026-04.csv,CC-1020,Mechanical Engineering,Ulises Larkin,8,2026-05,138.8,92.9,66.94,0
FY26_P07_Utilization_2026-04.csv,CC-1030,Electrical Engineering,Adaeze Haddad,8,2026-05,146.1,129.5,88.67,0
FY26_P07_Utilization_2026-04.csv,CC-1030,Electrical Engineering,Bruno Kowalski,8,2026-05,149.2,94.3,63.19,1
FY26_P07_Utilization_2026-04.csv,CC-1030,Electrical Engineering,Clara Bergstrom,8,2026-05,143.9,90.6,62.97,3
FY26_P07_Utilization_2026-04.csv,CC-1030,Electrical Engineering,Dmitri Delacroix,8,2026-05,135.6,100.0,73.73,0
FY26_P07_Utilization_2026-04.csv,CC-1030,Electrical Engineering,Vera Okafor,8,2026-05,149.1,139.8,93.73,0
FY26_P07_Utilization_2026-04.csv,CC-1030,Electrical Engineering,Wren Nakamura,8,2026-05,161.9,44.2,27.32,2
FY26_P07_Utilization_2026-04.csv,CC-1030,Electrical Engineering,Xiomara Fontaine,8,2026-05,166.4,26.2,15.73,2
FY26_P07_Utilization_2026-04.csv,CC-1030,Electrical Engineering,Yusuf Novak,8,2026-05,166.6,135.2,81.18,0
FY26_P07_Utilization_2026-04.csv,CC-1030,Electrical Engineering,Zara Ashworth,8,2026-05,143.6,74.4,51.82,1
FY26_P07_Utilization_2026-04.csv,CC-2010,Project Management,Amara Petrova,8,2026-05,149.3,132.9,88.99,0
FY26_P07_Utilization_2026-04.csv,CC-2010,Project Management,Bennett Duarte,8,2026-05,150.3,128.9,85.76,0
FY26_P07_Utilization_2026-04.csv,CC-2010,Project Management,Camille Halvorsen,8,2026-05,168.9,71.7,42.47,0
FY26_P07_Utilization_2026-04.csv,CC-2010,Project Management,Devon Ferreira,8,2026-05,130.9,91.4,69.81,0
FY26_P07_Utilization_2026-04.csv,CC-2010,Project Management,Elena Moreau,8,2026-05,156.8,97.3,62.06,0
FY26_P07_Utilization_2026-04.csv,CC-2010,Project Management,Farid Iverson,8,2026-05,152.3,138.9,91.21,0
FY26_P07_Utilization_2026-04.csv,CC-2010,Project Management,Grace Vasquez,8,2026-05,147.9,127.9,86.49,0
FY26_P07_Utilization_2026-04.csv,CC-2010,Project Management,Hassan Larkin,8,2026-05,164.4,125.8,76.51,0
FY26_P07_Utilization_2026-04.csv,CC-2010,Project Management,Imani Okafor,8,2026-05,160.3,137.5,85.80,0
FY26_P07_Utilization_2026-04.csv,CC-2010,Project Management,Jonas Nakamura,8,2026-05,143.1,89.3,62.39,0
FY26_P07_Utilization_2026-04.csv,CC-3010,Field Services,Katya Fontaine,8,2026-05,174.5,136.8,78.37,2
FY26_P07_Utilization_2026-04.csv,CC-3010,Field Services,Liam Novak,8,2026-05,142.7,133.9,93.83,0
FY26_P07_Utilization_2026-04.csv,CC-3010,Field Services,Maren Ashworth,8,2026-05,134.5,129.8,96.51,0
FY26_P07_Utilization_2026-04.csv,CC-3010,Field Services,Nikhil Haddad,8,2026-05,141.9,110.1,77.62,0
FY26_P07_Utilization_2026-04.csv,CC-3010,Field Services,Odessa Kowalski,8,2026-05,171.5,120.3,70.16,0
FY26_P07_Utilization_2026-04.csv,CC-3010,Field Services,Priya Bergstrom,8,2026-05,153.9,128.3,83.38,1
FY26_P07_Utilization_2026-04.csv,CC-3010,Field Services,Quentin Delacroix,8,2026-05,135.9,120.5,88.65,0
FY26_P07_Utilization_2026-04.csv,CC-3010,Field Services,Rosalind Ashby,8,2026-05,192.8,121.2,62.86,0
FY26_P07_Utilization_2026-04.csv,CC-3010,Field Services,Soren Salazar,8,2026-05,143.0,82.8,57.92,0
FY26_P07_Utilization_2026-04.csv,CC-3010,Field Services,Tamsin Thorne,8,2026-05,154.6,96.2,62.24,1
FY26_P07_Utilization_2026-04.csv,CC-4010,Digital Solutions,Adaeze Whitfield,8,2026-05,155.7,134.4,86.31,1
FY26_P07_Utilization_2026-04.csv,CC-4010,Digital Solutions,Bruno Rathore,8,2026-05,170.3,104.6,61.42,0
FY26_P07_Utilization_2026-04.csv,CC-4010,Digital Solutions,Clara Carrasco,8,2026-05,148.9,86.7,58.24,0
FY26_P07_Utilization_2026-04.csv,CC-4010,Digital Solutions,Dmitri Yilmaz,8,2026-05,165.0,146.3,88.69,0
FY26_P07_Utilization_2026-04.csv,CC-4010,Digital Solutions,Ulises Sandoval,8,2026-05,162.9,100.3,61.60,0
FY26_P07_Utilization_2026-04.csv,CC-4010,Digital Solutions,Vera Lindqvist,8,2026-05,143.1,110.9,77.48,0
FY26_P07_Utilization_2026-04.csv,CC-4010,Digital Solutions,Wren Beaumont,8,2026-05,150.5,102.0,67.78,0
FY26_P07_Utilization_2026-04.csv,CC-4010,Digital Solutions,Xiomara Mbeki,8,2026-05,155.0,106.5,68.70,0
FY26_P07_Utilization_2026-04.csv,CC-4010,Digital Solutions,Yusuf Adeyemi,8,2026-05,155.1,125.7,81.02,0
FY26_P07_Utilization_2026-04.csv,CC-4010,Digital Solutions,Zara Mensah,8,2026-05,151.8,75.9,49.97,0
FY26_P08_Utilization_2026-05.csv,CC-1010,Structural Engineering,Amara Ashby,9,2026-06,155.9,145.2,93.12,0
FY26_P08_Utilization_2026-05.csv,CC-1010,Structural Engineering,Bennett Salazar,9,2026-06,159.1,150.8,94.76,0
FY26_P08_Utilization_2026-05.csv,CC-1010,Structural Engineering,Camille Thorne,9,2026-06,143.8,134.7,93.69,1
FY26_P08_Utilization_2026-05.csv,CC-1010,Structural Engineering,Devon Sandoval,9,2026-06,169.0,133.8,79.17,2
FY26_P08_Utilization_2026-05.csv,CC-1010,Structural Engineering,Elena Lindqvist,9,2026-06,148.0,102.6,69.33,0
FY26_P08_Utilization_2026-05.csv,CC-1010,Structural Engineering,Farid Beaumont,9,2026-06,176.7,158.1,89.45,0
FY26_P08_Utilization_2026-05.csv,CC-1010,Structural Engineering,Grace Mbeki,9,2026-06,140.8,98.5,69.98,0
FY26_P08_Utilization_2026-05.csv,CC-1010,Structural Engineering,Hassan Adeyemi,9,2026-06,175.0,120.8,69.01,0
FY26_P08_Utilization_2026-05.csv,CC-1010,Structural Engineering,Imani Mensah,9,2026-06,162.8,138.9,85.29,0
FY26_P08_Utilization_2026-05.csv,CC-1010,Structural Engineering,Jonas Whitfield,9,2026-06,158.5,124.0,78.22,0
FY26_P08_Utilization_2026-05.csv,CC-1010,Structural Engineering,Katya Rathore,9,2026-06,137.3,105.9,77.11,1
FY26_P08_Utilization_2026-05.csv,CC-1020,Mechanical Engineering,Liam Carrasco,9,2026-06,150.5,98.4,65.37,1
FY26_P08_Utilization_2026-05.csv,CC-1020,Mechanical Engineering,Maren Yilmaz,9,2026-06,172.9,165.5,95.73,0
FY26_P08_Utilization_2026-05.csv,CC-1020,Mechanical Engineering,Nikhil Petrova,9,2026-06,166.7,113.4,68.02,0
FY26_P08_Utilization_2026-05.csv,CC-1020,Mechanical Engineering,Odessa Duarte,9,2026-06,149.6,120.8,80.78,0
FY26_P08_Utilization_2026-05.csv,CC-1020,Mechanical Engineering,Priya Halvorsen,9,2026-06,175.6,154.7,88.10,0
FY26_P08_Utilization_2026-05.csv,CC-1020,Mechanical Engineering,Quentin Ferreira,9,2026-06,147.3,95.3,64.68,1
FY26_P08_Utilization_2026-05.csv,CC-1020,Mechanical Engineering,Rosalind Moreau,9,2026-06,143.5,107.0,74.56,0
FY26_P08_Utilization_2026-05.csv,CC-1020,Mechanical Engineering,Soren Iverson,9,2026-06,146.2,131.5,89.95,0
FY26_P08_Utilization_2026-05.csv,CC-1020,Mechanical Engineering,Tamsin Vasquez,9,2026-06,145.2,97.2,66.95,1
FY26_P08_Utilization_2026-05.csv,CC-1020,Mechanical Engineering,Ulises Larkin,9,2026-06,150.6,108.8,72.23,0
FY26_P08_Utilization_2026-05.csv,CC-1030,Electrical Engineering,Adaeze Haddad,9,2026-06,160.6,144.5,89.95,0
FY26_P08_Utilization_2026-05.csv,CC-1030,Electrical Engineering,Bruno Kowalski,9,2026-06,149.2,94.3,63.19,2
FY26_P08_Utilization_2026-05.csv,CC-1030,Electrical Engineering,Clara Bergstrom,9,2026-06,184.6,105.8,57.33,0
FY26_P08_Utilization_2026-05.csv,CC-1030,Electrical Engineering,Dmitri Delacroix,9,2026-06,153.6,115.1,74.96,0
FY26_P08_Utilization_2026-05.csv,CC-1030,Electrical Engineering,Vera Okafor,9,2026-06,168.5,161.3,95.71,0
FY26_P08_Utilization_2026-05.csv,CC-1030,Electrical Engineering,Wren Nakamura,9,2026-06,154.6,34.6,22.40,0
FY26_P08_Utilization_2026-05.csv,CC-1030,Electrical Engineering,Xiomara Fontaine,9,2026-06,159.2,35.6,22.39,0
FY26_P08_Utilization_2026-05.csv,CC-1030,Electrical Engineering,Yusuf Novak,9,2026-06,160.9,139.2,86.50,0
FY26_P08_Utilization_2026-05.csv,CC-1030,Electrical Engineering,Zara Ashworth,9,2026-06,170.5,104.1,61.03,0
FY26_P08_Utilization_2026-05.csv,CC-2010,Project Management,Amara Petrova,9,2026-06,182.3,154.3,84.63,0
FY26_P08_Utilization_2026-05.csv,CC-2010,Project Management,Bennett Duarte,9,2026-06,150.3,128.9,85.76,1
FY26_P08_Utilization_2026-05.csv,CC-2010,Project Management,Camille Halvorsen,9,2026-06,168.9,71.7,42.47,1
FY26_P08_Utilization_2026-05.csv,CC-2010,Project Management,Devon Ferreira,9,2026-06,136.2,100.6,73.87,0
FY26_P08_Utilization_2026-05.csv,CC-2010,Project Management,Elena Moreau,9,2026-06,162.0,96.1,59.35,0
FY26_P08_Utilization_2026-05.csv,CC-2010,Project Management,Farid Iverson,9,2026-06,150.4,132.1,87.81,0
FY26_P08_Utilization_2026-05.csv,CC-2010,Project Management,Grace Vasquez,9,2026-06,155.4,144.7,93.11,0
FY26_P08_Utilization_2026-05.csv,CC-2010,Project Management,Hassan Larkin,9,2026-06,154.5,108.7,70.37,0
FY26_P08_Utilization_2026-05.csv,CC-2010,Project Management,Imani Okafor,9,2026-06,174.4,158.6,90.94,0
FY26_P08_Utilization_2026-05.csv,CC-2010,Project Management,Jonas Nakamura,9,2026-06,159.4,99.5,62.42,0
FY26_P08_Utilization_2026-05.csv,CC-3010,Field Services,Katya Fontaine,9,2026-06,174.5,136.8,78.37,3
FY26_P08_Utilization_2026-05.csv,CC-3010,Field Services,Liam Novak,9,2026-06,182.7,161.4,88.32,0
FY26_P08_Utilization_2026-05.csv,CC-3010,Field Services,Maren Ashworth,9,2026-06,165.2,144.8,87.67,0
FY26_P08_Utilization_2026-05.csv,CC-3010,Field Services,Nikhil Haddad,9,2026-06,141.9,110.1,77.62,1
FY26_P08_Utilization_2026-05.csv,CC-3010,Field Services,Odessa Kowalski,9,2026-06,171.5,120.3,70.16,1
FY26_P08_Utilization_2026-05.csv,CC-3010,Field Services,Priya Bergstrom,9,2026-06,153.9,128.3,83.38,2
FY26_P08_Utilization_2026-05.csv,CC-3010,Field Services,Quentin Delacroix,9,2026-06,135.9,120.5,88.65,1
FY26_P08_Utilization_2026-05.csv,CC-3010,Field Services,Rosalind Ashby,9,2026-06,151.6,88.8,58.60,0
FY26_P08_Utilization_2026-05.csv,CC-3010,Field Services,Soren Salazar,9,2026-06,158.2,106.0,67.00,0
FY26_P08_Utilization_2026-05.csv,CC-3010,Field Services,Tamsin Thorne,9,2026-06,170.1,113.8,66.91,0
FY26_P08_Utilization_2026-05.csv,CC-4010,Digital Solutions,Adaeze Whitfield,9,2026-06,155.7,134.4,86.31,2
FY26_P08_Utilization_2026-05.csv,CC-4010,Digital Solutions,Bruno Rathore,9,2026-06,159.4,112.1,70.33,0
FY26_P08_Utilization_2026-05.csv,CC-4010,Digital Solutions,Clara Carrasco,9,2026-06,150.8,89.5,59.34,0
FY26_P08_Utilization_2026-05.csv,CC-4010,Digital Solutions,Dmitri Yilmaz,9,2026-06,175.6,149.4,85.07,0
FY26_P08_Utilization_2026-05.csv,CC-4010,Digital Solutions,Ulises Sandoval,9,2026-06,178.5,108.3,60.65,0
FY26_P08_Utilization_2026-05.csv,CC-4010,Digital Solutions,Vera Lindqvist,9,2026-06,142.2,112.7,79.27,0
FY26_P08_Utilization_2026-05.csv,CC-4010,Digital Solutions,Wren Beaumont,9,2026-06,182.4,118.3,64.87,0
FY26_P08_Utilization_2026-05.csv,CC-4010,Digital Solutions,Xiomara Mbeki,9,2026-06,160.2,107.1,66.84,0
FY26_P08_Utilization_2026-05.csv,CC-4010,Digital Solutions,Yusuf Adeyemi,9,2026-06,155.1,125.7,81.02,1
FY26_P08_Utilization_2026-05.csv,CC-4010,Digital Solutions,Zara Mensah,9,2026-06,151.8,75.9,49.97,1
FY26_P09_Utilization_2026-06.csv,CC-1010,Structural Engineering,Amara Ashby,10,2026-07,112.7,106.2,94.22,0
FY26_P09_Utilization_2026-06.csv,CC-1010,Structural Engineering,Bennett Salazar,10,2026-07,159.1,150.8,94.76,1
FY26_P09_Utilization_2026-06.csv,CC-1010,Structural Engineering,Camille Thorne,10,2026-07,143.8,134.7,93.69,2
FY26_P09_Utilization_2026-06.csv,CC-1010,Structural Engineering,Devon Sandoval,10,2026-07,128.9,107.8,83.62,0
FY26_P09_Utilization_2026-06.csv,CC-1010,Structural Engineering,Elena Lindqvist,10,2026-07,113.2,72.5,64.01,0
FY26_P09_Utilization_2026-06.csv,CC-1010,Structural Engineering,Farid Beaumont,10,2026-07,95.1,85.8,90.22,0
FY26_P09_Utilization_2026-06.csv,CC-1010,Structural Engineering,Grace Mbeki,10,2026-07,93.7,66.2,70.64,0
FY26_P09_Utilization_2026-06.csv,CC-1010,Structural Engineering,Hassan Adeyemi,10,2026-07,163.6,117.7,71.94,0
FY26_P09_Utilization_2026-06.csv,CC-1010,Structural Engineering,Imani Mensah,10,2026-07,162.8,138.9,85.29,1
FY26_P09_Utilization_2026-06.csv,CC-1010,Structural Engineering,Jonas Whitfield,10,2026-07,141.3,92.0,65.14,0
FY26_P09_Utilization_2026-06.csv,CC-1010,Structural Engineering,Katya Rathore,10,2026-07,137.3,105.9,77.11,2
FY26_P09_Utilization_2026-06.csv,CC-1020,Mechanical Engineering,Liam Carrasco,10,2026-07,147.6,84.1,56.95,0
FY26_P09_Utilization_2026-06.csv,CC-1020,Mechanical Engineering,Maren Yilmaz,10,2026-07,125.1,112.0,89.50,0
FY26_P09_Utilization_2026-06.csv,CC-1020,Mechanical Engineering,Nikhil Petrova,10,2026-07,122.8,88.5,72.05,0
FY26_P09_Utilization_2026-06.csv,CC-1020,Mechanical Engineering,Odessa Duarte,10,2026-07,188.6,149.8,79.42,0
FY26_P09_Utilization_2026-06.csv,CC-1020,Mechanical Engineering,Priya Halvorsen,10,2026-07,114.4,94.2,82.31,0
FY26_P09_Utilization_2026-06.csv,CC-1020,Mechanical Engineering,Quentin Ferreira,10,2026-07,147.3,95.3,64.68,2
FY26_P09_Utilization_2026-06.csv,CC-1020,Mechanical Engineering,Rosalind Moreau,10,2026-07,115.3,88.1,76.42,0
FY26_P09_Utilization_2026-06.csv,CC-1020,Mechanical Engineering,Soren Iverson,10,2026-07,151.0,130.7,86.53,0
FY26_P09_Utilization_2026-06.csv,CC-1020,Mechanical Engineering,Tamsin Vasquez,10,2026-07,129.5,94.2,72.71,0
FY26_P09_Utilization_2026-06.csv,CC-1020,Mechanical Engineering,Ulises Larkin,10,2026-07,150.6,108.8,72.23,1
FY26_P09_Utilization_2026-06.csv,CC-1030,Electrical Engineering,Adaeze Haddad,10,2026-07,171.6,159.2,92.76,0
FY26_P09_Utilization_2026-06.csv,CC-1030,Electrical Engineering,Bruno Kowalski,10,2026-07,156.0,93.1,59.68,0
FY26_P09_Utilization_2026-06.csv,CC-1030,Electrical Engineering,Clara Bergstrom,10,2026-07,139.8,68.1,48.69,0
FY26_P09_Utilization_2026-06.csv,CC-1030,Electrical Engineering,Dmitri Delacroix,10,2026-07,119.8,88.1,73.56,0
FY26_P09_Utilization_2026-06.csv,CC-1030,Electrical Engineering,Vera Okafor,10,2026-07,109.2,109.2,100.00,0
FY26_P09_Utilization_2026-06.csv,CC-1030,Electrical Engineering,Wren Nakamura,10,2026-07,154.6,34.6,22.40,1
FY26_P09_Utilization_2026-06.csv,CC-1030,Electrical Engineering,Xiomara Fontaine,10,2026-07,134.7,30.4,22.60,0
FY26_P09_Utilization_2026-06.csv,CC-1030,Electrical Engineering,Yusuf Novak,10,2026-07,121.1,91.7,75.73,0
FY26_P09_Utilization_2026-06.csv,CC-1030,Electrical Engineering,Zara Ashworth,10,2026-07,170.5,104.1,61.03,1
FY26_P09_Utilization_2026-06.csv,CC-2010,Project Management,Amara Petrova,10,2026-07,192.4,161.0,83.70,0
FY26_P09_Utilization_2026-06.csv,CC-2010,Project Management,Bennett Duarte,10,2026-07,150.3,128.9,85.76,2
FY26_P09_Utilization_2026-06.csv,CC-2010,Project Management,Camille Halvorsen,10,2026-07,107.2,38.2,35.64,0
FY26_P09_Utilization_2026-06.csv,CC-2010,Project Management,Devon Ferreira,10,2026-07,103.5,70.8,68.42,0
FY26_P09_Utilization_2026-06.csv,CC-2010,Project Management,Elena Moreau,10,2026-07,162.0,96.1,59.35,1
FY26_P09_Utilization_2026-06.csv,CC-2010,Project Management,Farid Iverson,10,2026-07,119.5,100.9,84.45,0
FY26_P09_Utilization_2026-06.csv,CC-2010,Project Management,Grace Vasquez,10,2026-07,145.2,133.6,92.03,0
FY26_P09_Utilization_2026-06.csv,CC-2010,Project Management,Hassan Larkin,10,2026-07,154.5,108.7,70.37,1
FY26_P09_Utilization_2026-06.csv,CC-2010,Project Management,Imani Okafor,10,2026-07,161.2,142.3,88.27,0
FY26_P09_Utilization_2026-06.csv,CC-2010,Project Management,Jonas Nakamura,10,2026-07,129.6,85.4,65.88,0
FY26_P09_Utilization_2026-06.csv,CC-3010,Field Services,Katya Fontaine,10,2026-07,159.3,125.0,78.49,0
FY26_P09_Utilization_2026-06.csv,CC-3010,Field Services,Liam Novak,10,2026-07,123.0,99.4,80.82,0
FY26_P09_Utilization_2026-06.csv,CC-3010,Field Services,Maren Ashworth,10,2026-07,165.2,144.8,87.67,1
FY26_P09_Utilization_2026-06.csv,CC-3010,Field Services,Nikhil Haddad,10,2026-07,166.4,136.4,81.96,0
FY26_P09_Utilization_2026-06.csv,CC-3010,Field Services,Odessa Kowalski,10,2026-07,101.0,66.2,65.59,0
FY26_P09_Utilization_2026-06.csv,CC-3010,Field Services,Priya Bergstrom,10,2026-07,113.9,85.2,74.84,0
FY26_P09_Utilization_2026-06.csv,CC-3010,Field Services,Quentin Delacroix,10,2026-07,187.6,171.5,91.43,0
FY26_P09_Utilization_2026-06.csv,CC-3010,Field Services,Rosalind Ashby,10,2026-07,162.4,97.6,60.09,0
FY26_P09_Utilization_2026-06.csv,CC-3010,Field Services,Soren Salazar,10,2026-07,106.5,71.4,67.04,0
FY26_P09_Utilization_2026-06.csv,CC-3010,Field Services,Tamsin Thorne,10,2026-07,127.9,82.5,64.47,0
FY26_P09_Utilization_2026-06.csv,CC-4010,Digital Solutions,Adaeze Whitfield,10,2026-07,104.4,87.7,83.99,0
FY26_P09_Utilization_2026-06.csv,CC-4010,Digital Solutions,Bruno Rathore,10,2026-07,136.4,96.6,70.82,0
FY26_P09_Utilization_2026-06.csv,CC-4010,Digital Solutions,Clara Carrasco,10,2026-07,176.9,101.9,57.58,0
FY26_P09_Utilization_2026-06.csv,CC-4010,Digital Solutions,Dmitri Yilmaz,10,2026-07,142.2,131.0,92.13,0
FY26_P09_Utilization_2026-06.csv,CC-4010,Digital Solutions,Ulises Sandoval,10,2026-07,136.1,83.1,61.05,0
FY26_P09_Utilization_2026-06.csv,CC-4010,Digital Solutions,Vera Lindqvist,10,2026-07,186.8,133.2,71.33,0
FY26_P09_Utilization_2026-06.csv,CC-4010,Digital Solutions,Wren Beaumont,10,2026-07,149.5,92.2,61.64,0
FY26_P09_Utilization_2026-06.csv,CC-4010,Digital Solutions,Xiomara Mbeki,10,2026-07,170.2,101.6,59.69,0
FY26_P09_Utilization_2026-06.csv,CC-4010,Digital Solutions,Yusuf Adeyemi,10,2026-07,136.0,115.4,84.83,0
FY26_P09_Utilization_2026-06.csv,CC-4010,Digital Solutions,Zara Mensah,10,2026-07,152.1,55.0,36.14,0
FY26_P10_Utilization_2026-07.csv,CC-1010,Structural Engineering,Amara Ashby,11,2026-08,112.7,106.2,94.22,1
FY26_P10_Utilization_2026-07.csv,CC-1010,Structural Engineering,Bennett Salazar,11,2026-08,129.7,121.9,93.99,0
FY26_P10_Utilization_2026-07.csv,CC-1010,Structural Engineering,Camille Thorne,11,2026-08,127.3,119.3,93.74,0
FY26_P10_Utilization_2026-07.csv,CC-1010,Structural Engineering,Devon Sandoval,11,2026-08,149.7,120.4,80.41,0
FY26_P10_Utilization_2026-07.csv,CC-1010,Structural Engineering,Elena Lindqvist,11,2026-08,113.2,72.5,64.01,1
FY26_P10_Utilization_2026-07.csv,CC-1010,Structural Engineering,Farid Beaumont,11,2026-08,147.5,134.3,91.07,0
FY26_P10_Utilization_2026-07.csv,CC-1010,Structural Engineering,Grace Mbeki,11,2026-08,93.7,66.2,70.64,1
FY26_P10_Utilization_2026-07.csv,CC-1010,Structural Engineering,Hassan Adeyemi,11,2026-08,132.9,88.0,66.22,0
FY26_P10_Utilization_2026-07.csv,CC-1010,Structural Engineering,Imani Mensah,11,2026-08,130.7,103.7,79.33,0
FY26_P10_Utilization_2026-07.csv,CC-1010,Structural Engineering,Jonas Whitfield,11,2026-08,141.3,92.0,65.14,1
FY26_P10_Utilization_2026-07.csv,CC-1010,Structural Engineering,Katya Rathore,11,2026-08,124.6,94.8,76.10,0
FY26_P10_Utilization_2026-07.csv,CC-1020,Mechanical Engineering,Liam Carrasco,11,2026-08,145.1,78.3,53.94,0
FY26_P10_Utilization_2026-07.csv,CC-1020,Mechanical Engineering,Maren Yilmaz,11,2026-08,167.1,142.2,85.10,0
FY26_P10_Utilization_2026-07.csv,CC-1020,Mechanical Engineering,Nikhil Petrova,11,2026-08,122.8,88.5,72.05,1
FY26_P10_Utilization_2026-07.csv,CC-1020,Mechanical Engineering,Odessa Duarte,11,2026-08,129.8,106.1,81.72,0
FY26_P10_Utilization_2026-07.csv,CC-1020,Mechanical Engineering,Priya Halvorsen,11,2026-08,129.1,101.8,78.86,0
FY26_P10_Utilization_2026-07.csv,CC-1020,Mechanical Engineering,Quentin Ferreira,11,2026-08,110.7,66.1,59.72,0
FY26_P10_Utilization_2026-07.csv,CC-1020,Mechanical Engineering,Rosalind Moreau,11,2026-08,109.9,79.3,72.17,0
FY26_P10_Utilization_2026-07.csv,CC-1020,Mechanical Engineering,Soren Iverson,11,2026-08,155.8,137.5,88.23,0
FY26_P10_Utilization_2026-07.csv,CC-1020,Mechanical Engineering,Tamsin Vasquez,11,2026-08,147.8,116.0,78.51,0
FY26_P10_Utilization_2026-07.csv,CC-1020,Mechanical Engineering,Ulises Larkin,11,2026-08,161.6,108.8,67.33,0
FY26_P10_Utilization_2026-07.csv,CC-1030,Electrical Engineering,Adaeze Haddad,11,2026-08,171.2,155.1,90.59,0
FY26_P10_Utilization_2026-07.csv,CC-1030,Electrical Engineering,Bruno Kowalski,11,2026-08,173.1,102.3,59.11,0
FY26_P10_Utilization_2026-07.csv,CC-1030,Electrical Engineering,Clara Bergstrom,11,2026-08,139.8,68.1,48.69,1
FY26_P10_Utilization_2026-07.csv,CC-1030,Electrical Engineering,Dmitri Delacroix,11,2026-08,119.8,88.1,73.56,1
FY26_P10_Utilization_2026-07.csv,CC-1030,Electrical Engineering,Vera Okafor,11,2026-08,153.5,144.0,93.81,0
FY26_P10_Utilization_2026-07.csv,CC-1030,Electrical Engineering,Wren Nakamura,11,2026-08,131.3,34.1,25.98,0
FY26_P10_Utilization_2026-07.csv,CC-1030,Electrical Engineering,Xiomara Fontaine,11,2026-08,179.5,33.9,18.86,0
FY26_P10_Utilization_2026-07.csv,CC-1030,Electrical Engineering,Yusuf Novak,11,2026-08,160.6,129.5,80.61,0
FY26_P10_Utilization_2026-07.csv,CC-1030,Electrical Engineering,Zara Ashworth,11,2026-08,144.2,76.9,53.30,0
FY26_P10_Utilization_2026-07.csv,CC-2010,Project Management,Amara Petrova,11,2026-08,121.3,98.1,80.85,0
FY26_P10_Utilization_2026-07.csv,CC-2010,Project Management,Bennett Duarte,11,2026-08,147.4,128.3,87.06,0
FY26_P10_Utilization_2026-07.csv,CC-2010,Project Management,Camille Halvorsen,11,2026-08,140.9,60.2,42.75,0
FY26_P10_Utilization_2026-07.csv,CC-2010,Project Management,Devon Ferreira,11,2026-08,103.5,70.8,68.42,1
FY26_P10_Utilization_2026-07.csv,CC-2010,Project Management,Elena Moreau,11,2026-08,145.1,89.2,61.45,0
FY26_P10_Utilization_2026-07.csv,CC-2010,Project Management,Farid Iverson,11,2026-08,119.5,100.9,84.45,1
FY26_P10_Utilization_2026-07.csv,CC-2010,Project Management,Grace Vasquez,11,2026-08,142.2,114.8,80.73,0
FY26_P10_Utilization_2026-07.csv,CC-2010,Project Management,Hassan Larkin,11,2026-08,151.8,111.3,73.33,0
FY26_P10_Utilization_2026-07.csv,CC-2010,Project Management,Imani Okafor,11,2026-08,148.2,118.7,80.07,0
FY26_P10_Utilization_2026-07.csv,CC-2010,Project Management,Jonas Nakamura,11,2026-08,141.5,94.5,66.75,0
FY26_P10_Utilization_2026-07.csv,CC-3010,Field Services,Katya Fontaine,11,2026-08,140.9,103.6,73.56,0
FY26_P10_Utilization_2026-07.csv,CC-3010,Field Services,Liam Novak,11,2026-08,123.0,99.4,80.82,1
FY26_P10_Utilization_2026-07.csv,CC-3010,Field Services,Maren Ashworth,11,2026-08,163.7,131.3,80.21,0
FY26_P10_Utilization_2026-07.csv,CC-3010,Field Services,Nikhil Haddad,11,2026-08,166.4,136.4,81.96,1
FY26_P10_Utilization_2026-07.csv,CC-3010,Field Services,Odessa Kowalski,11,2026-08,155.5,103.0,66.25,0
FY26_P10_Utilization_2026-07.csv,CC-3010,Field Services,Priya Bergstrom,11,2026-08,139.7,118.5,84.82,0
FY26_P10_Utilization_2026-07.csv,CC-3010,Field Services,Quentin Delacroix,11,2026-08,142.0,134.4,94.62,0
FY26_P10_Utilization_2026-07.csv,CC-3010,Field Services,Rosalind Ashby,11,2026-08,166.2,90.1,54.22,0
FY26_P10_Utilization_2026-07.csv,CC-3010,Field Services,Soren Salazar,11,2026-08,106.5,71.4,67.04,1
FY26_P10_Utilization_2026-07.csv,CC-3010,Field Services,Tamsin Thorne,11,2026-08,148.5,79.0,53.21,0
FY26_P10_Utilization_2026-07.csv,CC-4010,Digital Solutions,Adaeze Whitfield,11,2026-08,104.4,87.7,83.99,1
FY26_P10_Utilization_2026-07.csv,CC-4010,Digital Solutions,Bruno Rathore,11,2026-08,143.2,89.1,62.24,0
FY26_P10_Utilization_2026-07.csv,CC-4010,Digital Solutions,Clara Carrasco,11,2026-08,128.5,73.8,57.46,0
FY26_P10_Utilization_2026-07.csv,CC-4010,Digital Solutions,Dmitri Yilmaz,11,2026-08,128.4,118.1,91.94,0
FY26_P10_Utilization_2026-07.csv,CC-4010,Digital Solutions,Ulises Sandoval,11,2026-08,140.9,83.4,59.22,0
FY26_P10_Utilization_2026-07.csv,CC-4010,Digital Solutions,Vera Lindqvist,11,2026-08,176.7,136.4,77.20,0
FY26_P10_Utilization_2026-07.csv,CC-4010,Digital Solutions,Wren Beaumont,11,2026-08,149.5,92.2,61.64,1
FY26_P10_Utilization_2026-07.csv,CC-4010,Digital Solutions,Xiomara Mbeki,11,2026-08,80.5,47.9,59.52,0
FY26_P10_Utilization_2026-07.csv,CC-4010,Digital Solutions,Yusuf Adeyemi,11,2026-08,173.0,153.4,88.67,0
FY26_P10_Utilization_2026-07.csv,CC-4010,Digital Solutions,Zara Mensah,11,2026-08,131.7,52.1,39.59,0
FY26_P11_Utilization_2026-08.csv,CC-1010,Structural Engineering,Amara Ashby,12,2026-09,148.6,137.3,92.37,0
FY26_P11_Utilization_2026-08.csv,CC-1010,Structural Engineering,Bennett Salazar,12,2026-09,153.3,147.6,96.28,0
FY26_P11_Utilization_2026-08.csv,CC-1010,Structural Engineering,Camille Thorne,12,2026-09,158.4,148.6,93.79,0
FY26_P11_Utilization_2026-08.csv,CC-1010,Structural Engineering,Devon Sandoval,12,2026-09,149.7,120.4,80.41,1
FY26_P11_Utilization_2026-08.csv,CC-1010,Structural Engineering,Elena Lindqvist,12,2026-09,146.1,90.5,61.91,0
FY26_P11_Utilization_2026-08.csv,CC-1010,Structural Engineering,Farid Beaumont,12,2026-09,167.9,151.5,90.22,0
FY26_P11_Utilization_2026-08.csv,CC-1010,Structural Engineering,Grace Mbeki,12,2026-09,143.9,102.4,71.13,0
FY26_P11_Utilization_2026-08.csv,CC-1010,Structural Engineering,Hassan Adeyemi,12,2026-09,132.9,88.0,66.22,1
FY26_P11_Utilization_2026-08.csv,CC-1010,Structural Engineering,Imani Mensah,12,2026-09,153.3,132.0,86.12,0
FY26_P11_Utilization_2026-08.csv,CC-1010,Structural Engineering,Jonas Whitfield,12,2026-09,141.3,92.0,65.14,2
FY26_P11_Utilization_2026-08.csv,CC-1010,Structural Engineering,Katya Rathore,12,2026-09,169.5,143.7,84.76,0
FY26_P11_Utilization_2026-08.csv,CC-1020,Mechanical Engineering,Liam Carrasco,12,2026-09,173.4,112.8,65.05,0
FY26_P11_Utilization_2026-08.csv,CC-1020,Mechanical Engineering,Maren Yilmaz,12,2026-09,160.4,141.0,87.90,0
FY26_P11_Utilization_2026-08.csv,CC-1020,Mechanical Engineering,Nikhil Petrova,12,2026-09,122.8,88.5,72.05,2
FY26_P11_Utilization_2026-08.csv,CC-1020,Mechanical Engineering,Odessa Duarte,12,2026-09,167.2,142.2,85.06,0
FY26_P11_Utilization_2026-08.csv,CC-1020,Mechanical Engineering,Priya Halvorsen,12,2026-09,167.6,129.1,77.02,0
FY26_P11_Utilization_2026-08.csv,CC-1020,Mechanical Engineering,Quentin Ferreira,12,2026-09,136.9,73.3,53.57,0
FY26_P11_Utilization_2026-08.csv,CC-1020,Mechanical Engineering,Rosalind Moreau,12,2026-09,141.6,118.8,83.87,0
FY26_P11_Utilization_2026-08.csv,CC-1020,Mechanical Engineering,Soren Iverson,12,2026-09,187.5,164.5,87.72,0
FY26_P11_Utilization_2026-08.csv,CC-1020,Mechanical Engineering,Tamsin Vasquez,12,2026-09,160.2,121.2,75.65,0
FY26_P11_Utilization_2026-08.csv,CC-1020,Mechanical Engineering,Ulises Larkin,12,2026-09,158.4,116.2,73.36,0
FY26_P11_Utilization_2026-08.csv,CC-1030,Electrical Engineering,Adaeze Haddad,12,2026-09,158.4,138.7,87.54,0
FY26_P11_Utilization_2026-08.csv,CC-1030,Electrical Engineering,Bruno Kowalski,12,2026-09,173.1,102.3,59.11,1
FY26_P11_Utilization_2026-08.csv,CC-1030,Electrical Engineering,Clara Bergstrom,12,2026-09,154.4,82.7,53.57,0
FY26_P11_Utilization_2026-08.csv,CC-1030,Electrical Engineering,Dmitri Delacroix,12,2026-09,154.2,109.2,70.84,0
FY26_P11_Utilization_2026-08.csv,CC-1030,Electrical Engineering,Vera Okafor,12,2026-09,172.4,162.7,94.39,0
FY26_P11_Utilization_2026-08.csv,CC-1030,Electrical Engineering,Wren Nakamura,12,2026-09,165.0,40.2,24.34,0
FY26_P11_Utilization_2026-08.csv,CC-1030,Electrical Engineering,Xiomara Fontaine,12,2026-09,179.5,33.9,18.86,1
FY26_P11_Utilization_2026-08.csv,CC-1030,Electrical Engineering,Yusuf Novak,12,2026-09,167.3,127.9,76.46,0
FY26_P11_Utilization_2026-08.csv,CC-1030,Electrical Engineering,Zara Ashworth,12,2026-09,169.5,99.8,58.88,0
FY26_P11_Utilization_2026-08.csv,CC-2010,Project Management,Amara Petrova,12,2026-09,161.2,135.4,83.98,0
FY26_P11_Utilization_2026-08.csv,CC-2010,Project Management,Bennett Duarte,12,2026-09,145.0,132.3,91.27,0
FY26_P11_Utilization_2026-08.csv,CC-2010,Project Management,Camille Halvorsen,12,2026-09,140.9,60.2,42.75,1
FY26_P11_Utilization_2026-08.csv,CC-2010,Project Management,Devon Ferreira,12,2026-09,103.5,70.8,68.42,2
FY26_P11_Utilization_2026-08.csv,CC-2010,Project Management,Elena Moreau,12,2026-09,151.8,102.8,67.70,0
FY26_P11_Utilization_2026-08.csv,CC-2010,Project Management,Farid Iverson,12,2026-09,194.7,182.3,93.64,0
FY26_P11_Utilization_2026-08.csv,CC-2010,Project Management,Grace Vasquez,12,2026-09,159.2,144.6,90.80,0
FY26_P11_Utilization_2026-08.csv,CC-2010,Project Management,Hassan Larkin,12,2026-09,151.8,111.3,73.33,1
FY26_P11_Utilization_2026-08.csv,CC-2010,Project Management,Imani Okafor,12,2026-09,152.7,137.6,90.13,0
FY26_P11_Utilization_2026-08.csv,CC-2010,Project Management,Jonas Nakamura,12,2026-09,152.6,93.1,61.00,0
FY26_P11_Utilization_2026-08.csv,CC-3010,Field Services,Katya Fontaine,12,2026-09,138.6,100.1,72.19,0
FY26_P11_Utilization_2026-08.csv,CC-3010,Field Services,Liam Novak,12,2026-09,158.0,133.6,84.56,0
FY26_P11_Utilization_2026-08.csv,CC-3010,Field Services,Maren Ashworth,12,2026-09,163.0,152.6,93.62,0
FY26_P11_Utilization_2026-08.csv,CC-3010,Field Services,Nikhil Haddad,12,2026-09,186.8,141.9,75.98,0
FY26_P11_Utilization_2026-08.csv,CC-3010,Field Services,Odessa Kowalski,12,2026-09,159.9,102.8,64.31,0
FY26_P11_Utilization_2026-08.csv,CC-3010,Field Services,Priya Bergstrom,12,2026-09,145.5,129.3,88.88,0
FY26_P11_Utilization_2026-08.csv,CC-3010,Field Services,Quentin Delacroix,12,2026-09,168.3,153.7,91.33,0
FY26_P11_Utilization_2026-08.csv,CC-3010,Field Services,Rosalind Ashby,12,2026-09,152.1,88.4,58.14,0
FY26_P11_Utilization_2026-08.csv,CC-3010,Field Services,Soren Salazar,12,2026-09,193.0,138.1,71.58,0
FY26_P11_Utilization_2026-08.csv,CC-3010,Field Services,Tamsin Thorne,12,2026-09,158.5,91.6,57.82,0
FY26_P11_Utilization_2026-08.csv,CC-4010,Digital Solutions,Adaeze Whitfield,12,2026-09,104.4,87.7,83.99,2
FY26_P11_Utilization_2026-08.csv,CC-4010,Digital Solutions,Bruno Rathore,12,2026-09,143.2,89.1,62.24,1
FY26_P11_Utilization_2026-08.csv,CC-4010,Digital Solutions,Clara Carrasco,12,2026-09,152.3,82.4,54.10,0
FY26_P11_Utilization_2026-08.csv,CC-4010,Digital Solutions,Dmitri Yilmaz,12,2026-09,159.8,123.1,77.04,0
FY26_P11_Utilization_2026-08.csv,CC-4010,Digital Solutions,Ulises Sandoval,12,2026-09,159.4,98.6,61.86,0
FY26_P11_Utilization_2026-08.csv,CC-4010,Digital Solutions,Vera Lindqvist,12,2026-09,150.0,130.2,86.80,0
FY26_P11_Utilization_2026-08.csv,CC-4010,Digital Solutions,Wren Beaumont,12,2026-09,159.4,91.8,57.58,0
FY26_P11_Utilization_2026-08.csv,CC-4010,Digital Solutions,Xiomara Mbeki,12,2026-09,162.7,85.1,52.30,0
FY26_P11_Utilization_2026-08.csv,CC-4010,Digital Solutions,Yusuf Adeyemi,12,2026-09,152.3,124.4,81.66,0
FY26_P11_Utilization_2026-08.csv,CC-4010,Digital Solutions,Zara Mensah,12,2026-09,154.1,64.5,41.88,0
